abnormal,27034
abolish,31165
abort,34771
aborted,38166
abrupt,24573
abruptly,18489
absence,5171
absentee,25066
absurd,16091
absurdity,40020
abuse,2134
abused,9441
abuses,13052
abusive,14202
abyss,40902
accidental,18305
accusation,17984
accusations,6124
accuse,15311
accuses,18519
accusing,8601
adamant,22668
addict,27857
addicted,23311
addicts,26508
adversary,32714
adverse,12661
adversity,22837
afraid,6023
aggression,14227
aggressive,4353
agony,32248
ail,34712
alarm,8054
alarmed,23438
alarming,16156
alienated,36462
alienation,42157
allegation,10069
allegations,1857
allege,16336
allergic,28349
allergies,26331
allergy,26465
altercation,16678
ambiguity,35566
ambiguous,33406
ambush,30382
anarchism,48869
anarchist,44771
anarchy,40445
anger,6378
angrily,30302
angry,5800
anguish,32446
animosity,34351
annihilation,43029
annoy,36074
annoyance,39341
annoyed,26678
annoying,19887
anomaly,30942
antagonist,40243
anxiety,6882
anxious,13473
apocalypse,36372
apocalyptic,39285
appalled,31514
appalling,26027
apprehension,34640
arbitrary,23501
arcane,44021
archaic,40586
arrogance,32818
arrogant,30967
ashamed,20085
assail,48315
assassin,38109
assassinate,40205
assault,2080
atrocities,21692
attack,908
attacks,1912
authoritarian,19574
avalanche,24400
aversion,33814
awful,11522
awfully,38515
awkward,11789
ax,18884
backward,18173
bad,1099
badly,7340
baffled,33396
bait,22836
balk,31110
bankrupt,19117
barbaric,38025
barren,36175
baseless,28596
bash,12882
bashing,37458
bastard,43143
battered,18432
beg,21422
begging,22901
belie,43731
bent,18822
betray,32263
betrayal,26760
beware,36798
bias,9415
biased,21099
biases,31681
bigotry,25102
bitch,32594
biting,25609
bitter,10513
bitterly,31337
bitterness,35759
bizarre,11676
blackmail,23616
blah,38596
blame,4887
bland,35063
blasphemy,33849
blasted,14248
blatant,26248
blatantly,35519
bleak,23530
bleed,33096
bleeding,13162
blind,7709
blinding,43279
blister,21786
bloated,33602
bloodshed,27801
bloody,13629
blow,4627
blunt,18720
blur,28133
blurred,34186
blurry,40427
bogus,28007
boil,18533
boiling,27513
bomb,4840
bombard,42602
bombardment,36449
bondage,42330
bore,18406
bored,23809
boredom,40326
boring,15305
bother,15304
bothered,18523
bothering,36669
bothers,38070
boycott,13978
brazen,27502
breach,6999
break,1108
breakdown,9336
breaking,3433
breaks,6383
breakup,21310
bribery,16854
brittle,40818
broke,2263
broken,3187
brood,39339
bruised,26360
bruises,27452
bruising,26693
brutal,8513
brutality,20509
brutally,23134
brute,40828
buckle,35466
bug,13673
buggy,40399
bugs,19230
bulky,35156
bullies,33969
bullshit,37568
bully,23934
bullying,11902
bum,29673
bump,8792
bumped,26663
bumps,24271
bunk,28691
burden,6976
burn,7403
burned,7685
burning,6574
burns,14827
bust,11044
butcher,32364
buzzing,28153
cancer,1668
cannibal,38267
careless,29399
caricature,40778
carnage,28161
carp,25520
casualty,21646
catastrophe,21421
catastrophic,15532
cave,12742
challenging,4087
chaos,7724
chaotic,16529
chatter,29205
cheap,6162
cheaply,34358
cheat,23532
cheated,25177
cheating,14153
cheesy,36331
childish,40531
chill,13146
chilly,23141
choke,25777
chore,14480
chronic,7642
clash,6064
cloud,3613
cloudy,2779
clueless,36776
clumsy,38734
coarse,38667
coercion,36047
coercive,41654
cold,2569
collapse,6277
collusion,13712
combust,36923
commonplace,30208
complain,11316
complained,7311
complaining,13689
complains,37649
complaint,3674
complaints,4496
complex,2632
complicated,6336
complication,36443
complicit,31257
compulsion,44078
concede,23636
conceded,11508
concern,2212
concerned,2273
concerns,1379
concession,17287
concessions,12889
condemn,15182
condemnation,19973
condemned,8686
condemns,33963
confess,23721
confession,23599
confessions,39597
confined,18687
conflict,3050
conflicted,34428
conflicting,22757
conflicts,9549
confounding,42860
confront,10749
confrontation,12065
confuse,31643
confused,10985
confusing,15868
confusion,9655
congestion,15744
cons,7407
conservative,3354
conspicuous,39084
conspiracy,6556
contagious,27432
contaminated,16194
contamination,17520
contempt,16176
contend,16203
contention,12007
contentious,14883
contradict,28204
contradiction,34920
contradictory,31515
controversial,4456
controversy,6170
convoluted,40200
corrosion,37092
corrupt,10334
corrupted,40124
corruption,3198
costly,9400
counterproductive,36373
coward,35488
cowardly,36881
crack,7009
cracked,16212
cracks,17873
cramped,34270
crap,28342
crappy,43282
crash,2058
crashed,6050
crashes,12328
crashing,14401
crazy,5373
creep,26637
creeping,31250
creeps,43065
creepy,23814
crept,34958
crime,1846
criminal,1837
cringe,37393
crippled,30944
crippling,26192
crisis,1486
critic,7745
critical,2008
criticism,3633
criticisms,23585
criticize,21500
criticized,5888
criticizing,18384
critics,4853
crooked,40771
crowded,11138
crude,2976
cruel,15939
cruelty,18744
crumble,38095
crumbling,27588
crush,18229
crushed,14045
crushing,18389
cry,8930
culprit,17685
cumbersome,36190
cunt,48391
curse,26020
cursed,37893
curses,45471
cynical,27566
cynicism,39245
damage,1880
damaged,5009
damages,8357
damaging,9055
damn,16490
damned,37689
damning,28710
danger,4854
dangerous,2702
dark,2933
darkened,38390
darker,20292
darkness,15073
daunting,18818
dead,1462
deadly,4847
deaf,17138
death,744
debacle,27297
debilitating,29664
debt,1126
debts,13035
decay,30512
deceit,35049
deceive,37267
deception,29244
deceptive,31405
decline,2991
declines,11081
declining,8620
defamation,21869
defect,17584
defective,31559
defects,23487
defensive,2465
defiance,25442
defiant,23802
deficiencies,28262
deficiency,30367
deficient,38396
deform,42011
defunct,31727
defy,29160
degradation,30223
degrade,38890
degrading,36892
delay,4646
delayed,5943
delaying,20053
delays,6091
delinquent,39614
delusion,43313
delusional,40160
delusions,43267
demise,18006
demon,12959
demonic,43116
denial,14752
denied,2296
denies,9118
denounce,29508
dense,19790
dent,14368
deny,7631
denying,12000
depress,37018
depressed,16658
depressing,29338
depression,6943
deprive,35858
deprived,22632
derogatory,30971
desert,10348
desolate,43177
despair,21508
desperate,7764
desperately,12420
desperation,24278
despicable,34210
despise,43255
despised,43396
destroy,8439
destroyer,33620
destruction,8181
destructive,15877
deter,10922
deteriorating,22010
deterioration,21980
deterrent,23421
detract,38442
detriment,31969
detrimental,23883
devastated,11521
devastating,7360
devastation,19591
deviation,38369
devil,22406
devoid,32095
dick,38594
dictator,18529
die,1597
died,962
dies,8524
difficult,1202
difficulties,9282
difficulty,9600
dilemma,21949
dim,14548
din,5917
ding,33676
dire,10697
dirt,10667
dirty,11216
disable,33022
disabled,6242
disadvantage,22025
disadvantaged,24341
disadvantages,38940
disagree,11967
disagreed,19286
disagreement,20628
disagrees,30399
disappoint,17534
disappointed,5779
disappointing,6770
disappointment,10208
disapproval,32129
disapprove,38509
disarm,27220
disaster,4463
disastrous,15518
disbelief,26440
disclaim,32417
discomfort,19535
discontent,27478
discontinued,27251
discord,31446
discourage,21662
discouraging,33408
discredit,27875
discriminate,28224
discrimination,6886
discriminatory,22587
disdain,29512
disgrace,19846
disgruntled,29412
disgust,30883
disgusted,32759
disgusting,21096
dishonest,27820
disillusion,33447
dislike,28101
disliked,40891
dismal,23446
dismay,22135
dismissive,37890
disobedience,37651
disorder,8364
disorderly,23547
displaced,9871
displeasure,30201
disproportionate,27961
dispute,4464
disputed,11164
disregard,21034
disrespect,19870
disrespectful,26401
disrupt,12414
disruption,10044
disruptive,17561
diss,14863
dissatisfaction,31776
dissatisfied,37278
dissent,17666
dissidents,35550
dissolution,34883
distort,39841
distorted,30587
distortion,36075
distract,21943
distracting,33197
distraction,17447
distraught,30719
distress,13250
distressed,21460
distrust,27948
disturb,32366
disturbance,20771
disturbed,22938
disturbing,11783
divisive,16067
dogged,23597
doom,27833
doomed,23326
dope,37799
doubt,2980
doubtful,26645
doubts,10903
downfall,27849
downgrade,19637
downhill,19966
downside,13422
downturn,14013
draconian,38256
drag,8386
dragged,10840
dragging,19335
drain,15160
drained,23544
draining,29584
drains,30645
drastic,19167
drastically,17811
drawback,41113
drawbacks,39303
dread,24506
dreadful,31715
dripping,38221
drones,10952
drought,7635
drowning,22866
drunk,10789
drunken,19835
dubious,24381
dull,22018
dumb,16881
dump,12371
dumped,12961
dumping,18128
dumps,37017
dungeon,44687
dungeons,46932
dust,8402
dusty,31430
dwindling,25564
dying,8180
eccentric,29555
egregious,28971
elimination,15063
embarrass,31312
embarrassing,13394
embarrassment,19124
embattled,22033
embroiled,23958
emergency,1923
emphatically,34507
emptiness,44480
endanger,20430
enemies,11058
enemy,8636
engulf,36272
enraged,33415
epidemic,11004
erase,24300
erosion,19407
err,22379
erratic,25470
erroneous,36973
error,5849
errors,9126
estranged,20599
evade,25866
evasion,23397
evil,9247
evils,40367
exacerbate,33658
exaggeration,38875
excessive,10079
excessively,36785
exclusion,21009
excruciating,36021
excuse,10525
excuses,19791
exhaust,19379
exhausted,17067
exhaustion,30567
exile,21323
expel,30721
expensive,3214
expire,15761
expired,13729
explode,25931
exploit,14958
exploitation,15514
explosive,8560
extermination,44809
extortion,24582
extravagant,31879
extremism,18549
extremist,14463
extremists,16281
fabrication,30624
fail,5998
failed,1447
failing,4551
fails,10578
failure,2988
failures,12055
faint,27922
fake,4486
fall,1136
fallacy,44469
fallen,4491
falling,3064
fallout,15046
falls,5712
FALSE,46007
falsehood,32664
falsely,19349
famine,26612
fanatic,38604
fascism,36065
fascist,33747
fat,5886
fatal,6484
fatally,11293
fateful,34619
fatigue,16069
fatty,27935
fault,7684
faults,28853
faulty,23624
fear,2490
fearful,23526
fears,4606
fearsome,39185
feeble,42217
fell,1064
felon,24861
fever,11696
fiasco,33512
fib,19961
fiction,11845
fictional,18588
fictitious,34942
fierce,11039
filthy,35200
fist,19033
flair,27456
flare,24186
flares,34968
flaw,22892
flawed,17107
flaws,16855
flee,11692
fleeing,9886
fleeting,33744
flickering,44377
flirt,33743
foe,24432
fool,17275
fooled,31952
foolish,22789
forbid,34817
forbidden,27686
forceful,32165
forfeit,31047
forged,17695
foul,6962
fracture,22259
fragile,14283
fragmented,27946
frail,36225
frantic,27396
frantically,35487
fraud,3526
fraudulent,15381
fraught,25481
freak,21905
freaking,33432
freeze,11346
freezes,35084
freezing,11074
frenzy,23244
fret,31391
friction,20737
fried,16708
fright,32580
frightening,21111
frost,18082
frown,41588
froze,32516
frozen,9214
frustrated,8164
frustrating,10314
frustration,8413
frustrations,25308
fuck,26536
fucking,23523
fugitive,27157
fumble,16806
fumes,34198
funky,33205
funny,6269
furious,15940
furiously,39202
fury,22228
fuss,29520
futile,32628
fuzzy,34773
gall,19869
garbage,11671
gasp,41681
genocide,18038
ghetto,42639
gimmick,36116
glare,37355
glitch,31482
glitches,37224
gloom,31752
gloomy,32627
glut,23457
goof,40504
goofy,36302
gossip,20445
graft,19433
grapple,32352
grate,40672
greed,26253
greedy,34405
grief,12903
grievance,32304
grievances,22666
grieving,22567
grim,17081
grind,16655
gritty,27846
gross,4200
grossly,34354
grotesque,39725
gruesome,25988
guilt,15324
guilty,2181
hack,14157
hacks,28603
hampered,21757
hang,6713
hangs,23835
harass,27395
harassed,16835
harassment,4331
hard,543
hardened,33631
hardship,20802
hardships,29822
harm,4798
harmed,21352
harmful,11190
harms,31532
harsh,9776
harshly,33705
hassle,28479
haste,42241
hastily,33779
hate,4157
hated,19975
hateful,26393
hates,27701
hating,40873
hatred,13453
haunt,28297
haunting,29475
havoc,19705
hazard,19895
hazardous,17099
haze,34008
headache,19344
headaches,20816
heartbreaking,17052
heck,17835
hedge,4445
hefty,15234
hegemony,40408
heinous,30091
hell,7105
helpless,22445
heresy,46545
hesitant,24668
hideous,42396
hinder,26679
hoard,37926
hoax,23195
hollow,26395
hopeless,24418
horde,44666
horrendous,29577
horrible,11385
horrific,12392
horrified,27807
horrifying,28242
hostage,16301
hostile,11928
hostilities,30519
hostility,22069
hum,10080
humid,27280
humiliating,27750
humiliation,28689
humming,35774
hung,10601
hurt,2581
hurting,12780
hurts,15774
hype,14761
hypocrisy,27575
hypocritical,37769
hysteria,35099
hysterical,38561
idiot,30603
idiots,39984
idle,25562
ignorance,22092
ignorant,27726
ignore,8861
illegal,2439
illegally,5176
illegitimate,34785
illicit,16108
illness,5467
illusion,24654
illusions,38518
imaginary,34004
imbalance,27340
immature,39001
immoral,33231
impair,29210
impaired,15241
impatient,32601
impedance,47993
impede,32989
impending,18049
imperfect,27676
imperialist,44519
implication,29264
impose,7828
imposing,13223
imposition,28575
impossible,4703
impoverished,24075
impractical,40207
imprison,43210
imprisonment,14804
improbable,31977
improper,18418
improperly,21559
impunity,24411
inability,12561
inaccurate,20403
inaction,30365
inactive,25986
inadequate,15650
inappropriate,9458
inappropriately,27281
incapable,30256
incendiary,36114
incite,36793
incompatible,37228
incompetence,31204
incompetent,30740
incomplete,20044
incomprehensible,42494
inconsistencies,35604
inconsistency,36849
inconsistent,16611
inconvenience,24109
incorrect,17401
incorrectly,27821
indecent,24502
indifference,34239
indifferent,34657
indignation,42584
indistinguishable,43599
indulge,27707
ineffective,21223
inefficient,29958
ineligible,26256
inept,35335
inequalities,36667
inequality,12768
inevitable,11066
inevitably,16561
inexperienced,28232
infamous,13358
infected,11256
infection,7910
infections,11341
inferior,28510
inflammation,16000
inflammatory,23785
inflated,25013
inflict,31343
infringement,26461
inhibit,37826
inhibition,44944
inhuman,37576
injure,36841
injury,1356
injustice,16318
insane,18544
insanely,38864
insanity,33393
insecure,27810
insecurity,19401
insensitive,29401
insidious,40012
insignificant,33710
instability,16826
insufficient,16429
insult,18566
insulted,32149
insulting,22602
insults,22536
insurrection,44203
intense,5676
interfere,15365
interference,8149
intermittent,33073
interrupt,22749
interruption,33610
intimidate,27914
intimidating,23292
intimidation,18438
intolerable,41210
intolerance,27488
intrusion,32028
intrusive,35958
invalid,21567
invasive,19341
invisible,20731
involuntary,28906
ire,25509
ironic,25553
ironically,30829
irony,21490
irrational,31338
irregular,22937
irrelevant,21821
irresponsible,21573
irreversible,32347
irritated,35270
irritating,38279
irritation,32776
isolate,27038
isolated,8067
isolation,13084
issue,696
issues,743
itch,40452
itching,35188
jam,11914
jarring,35659
jealous,27064
jealousy,37146
jeopardy,22925
jerk,35786
joke,8018
junk,15163
kill,3549
killed,848
killer,7844
killing,2429
kills,10469
knife,7023
knock,7956
lack,1762
lacked,13385
lacking,12622
lackluster,28369
lacks,14026
lag,16396
lame,31411
lament,25532
lapse,28549
latency,35940
laughable,38677
lazy,22414
leak,9324
leakage,38146
leaking,18914
leaks,12902
lemon,14099
lengthy,8787
lethal,14326
lewd,31942
liability,9416
liable,19145
liar,28587
lie,6105
lied,15005
lies,5738
lifeless,37019
limit,3000
limitation,22830
limitations,11948
limited,1804
limits,4971
limp,34478
lone,10801
loneliness,27942
lonely,20100
longing,36171
loophole,30640
loopholes,29307
loose,7082
loot,25213
lose,2217
loser,22650
losers,19113
loses,13585
losing,2086
loss,872
losses,2687
lost,685
loud,7337
louder,25731
lousy,38909
lowly,34666
ludicrous,34147
lull,29620
lure,16679
lurking,31742
lying,6480
mad,7758
madness,24714
malice,39625
malicious,15237
maniac,41288
manic,27599
manipulate,21922
manipulation,18110
manipulative,39802
mar,4401
marginal,14612
marginally,24022
mashed,35455
massacre,12998
massacres,39246
matte,34678
meager,38460
meaningless,27782
mediocre,28368
melancholy,40602
meltdown,24053
menace,24213
menacing,32002
merciless,37927
mess,7319
messed,31580
messing,35204
messy,18882
mindless,41406
mischief,26245
misconception,36448
misconceptions,36780
miser,37849
miserable,20161
misery,23110
misfortune,38779
misguided,27422
misinterpret,36939
mislead,34747
misleading,12030
misrepresent,24796
miss,2649
missed,2039
misses,16857
mist,12241
mistake,5021
mistaken,22037
mistakenly,26506
mistakes,6160
mistress,38293
mistrust,34873
misunderstand,37721
misunderstanding,28733
misunderstood,32085
misuse,19786
moan,45135
mock,16177
mocked,21989
mockery,34641
mocking,27813
monster,13317
monstrous,34957
moot,30036
morbid,38513
mourn,15213
muddy,27891
mundane,31215
murder,1900
murderer,28051
murderous,32883
murky,30324
mysterious,12754
mysteriously,37944
mystery,9001
myth,17721
naive,25672
narrower,34700
nasty,15455
naughty,38384
needless,35088
needy,28166
nefarious,33952
negate,41405
negative,2430
negatives,34784
negativity,30269
neglect,13856
neglected,20428
negligence,20037
negligent,29538
nervous,7464
nervously,40968
nightmare,12808
noise,6496
noises,27903
noisy,28269
nonexistent,38854
nonsense,20175
notoriety,34232
notorious,13940
notoriously,23455
nuisance,26575
numb,31086
obese,24409
object,7626
objection,24763
objectionable,41133
objections,16006
oblivious,35606
obnoxious,39701
obscene,32433
obscure,23732
obscured,38285
obscurity,41425
obsess,34668
obsessive,36003
obsolete,29707
obstacle,17610
obstruct,17092
obstruction,17026
odd,8372
oddly,33442
odor,27794
offence,8637
offend,34563
offender,14542
offending,26199
offenses,13888
offensive,2555
offensively,19688
ominous,28415
omission,32324
omit,43388
onslaught,25174
opponent,5254
oppose,9449
opposition,1756
oppress,39584
oppression,22521
oppressive,33522
ordeal,17702
orphan,21297
outbreak,8507
outburst,28999
outcry,19900
outlaw,29319
outrage,10618
outraged,22339
outrageous,18809
outsider,25267
overdue,20519
overloaded,40894
overlook,20718
overpower,37833
overrun,27403
overshadow,37387
oversight,9233
overthrow,23850
overturn,16164
overweight,19755
overwhelm,36986
overwhelmed,13203
overwhelming,8642
overwhelmingly,16089
pain,2400
painful,8661
painfully,32020
pains,19585
pale,18100
pan,5730
pandemonium,45235
panic,9810
panicked,28604
paralyzed,28582
paranoia,36379
paranoid,33554
parasite,37004
parody,32806
partisan,12740
partisans,32459
passive,18718
pathetic,31790
peculiar,28178
peeled,32350
penalty,2861
peril,27791
perilous,33873
perish,42515
perplex,33708
persecution,19913
pervasive,27215
perverse,41271
pessimistic,32415
pest,19024
petty,25070
phony,32107
pig,13280
pigs,20385
pinch,15168
pity,31373
plague,27936
plea,6221
pleas,19518
plight,18318
plot,6197
ploy,32680
plunder,39757
pointless,31321
poison,17712
poisonous,34382
poor,2129
poorer,22555
poorest,19125
poorly,12101
poverty,5263
powerless,33128
precarious,27180
predatory,29216
predicament,33487
prejudice,21852
prejudices,39113
pretend,17050
pricey,26428
prick,40166
primitive,36005
prison,1789
prisoner,16796
problem,936
problematic,14652
problems,1272
prohibit,18262
propaganda,10934
proprietary,14101
prosecute,17749
protest,2790
protested,17278
protesting,12779
protests,3246
protracted,26420
provocation,29995
provocative,21051
provoke,28184
punch,10064
punish,15392
punishable,28939
punitive,21987
punk,19742
puppet,29771
puzzled,36742
puzzling,37578
quarrel,39486
queer,22240
questionable,12474
rabid,39660
racism,8222
racist,7159
racists,37255
radical,7371
radically,26396
radicals,35842
rage,14706
raging,23333
rail,5569
rampage,22944
rampant,18898
randomly,22422
rant,25693
rape,5345
raped,11095
raping,20669
rash,21563
rattled,21602
reactionary,41313
rebellious,38017
rebuke,28155
recession,7306
reckless,13508
recoil,44983
redundancy,39379
redundant,31813
refusal,13646
refuse,10383
refused,3179
refuses,16766
refusing,10520
refute,41561
refuted,33898
regress,44702
regression,39974
regret,9917
regrets,19078
regretted,27611
reject,10363
rejected,3946
rejecting,19695
rejection,16117
rejects,24020
relapse,38387
relentless,16476
relentlessly,29836
reluctance,25321
reluctant,11923
reluctantly,33146
remorse,23312
repetitive,30159
repression,29071
repressive,37868
resent,31379
resentment,27111
resignation,6985
resigned,6490
resistance,5910
restless,36844
restrict,14058
restricted,9393
restriction,20627
restrictive,23680
retaliate,28528
retard,40129
retarded,47304
retract,31914
retreat,11298
retreated,24304
revenge,13543
revert,32793
revoke,28192
revolt,25507
rhetoric,8770
rhetorical,38167
ridicule,35288
ridiculous,10861
ridiculously,33785
rife,27921
rift,23708
rigid,24577
rip,15061
ripped,12256
risk,810
risks,2476
risky,11788
rival,3429
rivalry,13059
rocky,18443
rogue,22251
rot,13351
rotten,34485
rough,6744
rubbish,22051
rude,21820
ruin,17948
ruined,19750
ruining,34733
ruins,24757
rumor,22677
rumors,8762
rumours,12021
runaway,25727
rupture,37557
rust,18309
rusty,36069
ruthless,25597
sabotage,26664
sack,14072
sacrificed,26936
sad,5074
sadly,16748
sadness,17437
sag,17929
sap,34908
sarcastic,39580
satirical,33937
savage,32264
scam,10656
scams,23234
scandal,4220
scandals,14748
scant,26583
scar,14061
scarce,23581
scarcely,40853
scarcity,28227
scare,13207
scared,8265
scars,26172
scary,10222
scathing,26777
scoff,34564
scorn,38430
scourge,32599
scramble,21977
scrambled,22846
scrambling,19703
scrap,11573
scratch,12272
scratched,25807
scratches,33831
scream,22093
screwed,34797
secretive,27174
selfish,20462
senseless,28846
seriousness,24146
setback,12871
setbacks,21417
sever,20242
severe,3814
severity,17866
shadowy,38482
shady,31665
shake,8559
shaky,22032
shallow,16762
sham,31026
shame,9208
shameful,26722
shameless,36778
shark,14441
sharply,8104
shatter,38637
shimmer,31910
shit,15328
shock,4817
shocked,6649
shocking,8777
shockingly,36804
shortage,8078
shortcomings,24454
showdown,13100
shrew,36943
shroud,43505
shrouded,37540
shrug,31691
shun,23795
sick,4736
sickness,25231
siege,19951
silly,15470
simplistic,36653
sin,10272
sinful,44364
sinister,27570
sink,12045
sinking,19191
skeletons,39528
skeptical,14992
skepticism,22222
skinny,22877
slack,25163
slander,39455
slap,17605
slashing,24682
slaughter,18602
slaughtered,33190
slave,20174
slaves,21934
slime,40684
slog,35650
sloppy,26654
slow,2635
slowed,9546
slower,9992
slowly,5764
slug,17744
sluggish,16642
slump,13254
slur,29118
slut,44046
sly,40568
smack,35945
smash,19005
smear,27337
smell,11362
smelled,32651
smelling,39925
smells,28078
smoke,4603
smug,41283
snag,29650
sneak,16082
sneaky,39399
sob,18769
sober,17333
solemn,29807
sore,12867
sorely,33801
sorrow,26130
sorry,6661
sour,16933
spew,29400
spilling,31537
spite,14117
split,3462
splitting,21128
spoil,29573
spoiled,29136
sporadic,33122
spurious,43310
squash,26423
stab,16735
stagnant,26495
stagnation,35147
stain,32551
stains,36626
stale,37367
stall,16179
stalls,22601
stark,12664
startling,26556
starvation,31536
starve,41403
static,25156
steal,8052
stealing,9460
steals,12297
steep,8431
stereotype,33006
stereotypical,40364
stern,23427
stew,24571
sticky,25247
stiff,13116
stiffness,37760
stigma,18033
sting,19049
stink,39628
stole,8268
stolen,3579
strain,8793
strained,15718
strange,7782
strangely,34374
stranger,12443
stress,3992
stresses,23604
stressful,17322
stricken,35876
strict,8414
strictly,14657
strife,32936
strike,2506
stringent,19940
struck,2322
struggle,3860
struggled,3956
struggles,6952
struggling,3306
strut,32967
stubborn,20476
stuck,4889
stumble,30282
stumbled,21320
stump,33062
stun,16990
stunt,16391
stupid,12103
stupidity,38821
sty,42437
subdued,20247
subjected,13849
subordinate,38363
subpoena,22419
subtract,40033
subversive,40574
succumb,38975
suck,23829
sucked,28635
sucker,40454
sucks,29384
sue,14811
sued,8124
suffer,6297
suffered,2152
suffering,3606
suffers,16061
suicidal,23630
suicide,4260
sunk,21168
superficial,34501
suppress,23192
suppression,25276
surrender,13446
susceptible,21471
suspect,1985
suspicion,8551
suspicions,24460
suspicious,7775
sweaty,37487
swelling,22566
swipe,21322
swollen,27722
symptom,28667
symptoms,5298
syndrome,14115
taboo,31041
tainted,25686
tangled,31659
tank,6013
tanks,12039
taunt,44048
taxing,27892
tease,29993
tedious,35138
temper,18586
temptation,27766
tense,13554
tension,8556
tentative,22948
terrible,6587
terribly,23213
terror,5231
terrorism,4952
thicker,33997
thirst,32351
threat,1856
threaten,10508
threatening,5608
threats,3455
throb,45219
throttle,31224
thug,40447
thwart,24153
timid,39649
tired,7428
toll,5831
topple,28901
torment,34686
torrent,23489
torture,11809
tortured,20464
totalitarian,38519
toughness,28136
touted,14764
toxic,8422
tragedy,6906
tragic,8805
tragically,29641
traitor,40048
transgress,40661
trap,14653
trapped,8240
trash,8875
trauma,8795
traumatic,17292
treacherous,31983
treason,27470
trick,7610
tricked,36985
tricky,12792
trivial,30063
trouble,3605
troubled,9895
troubles,13656
troublesome,34056
troubling,15554
tumble,26566
tumultuous,23787
turbulent,23415
turmoil,12225
twist,10619
twisted,22027
twists,25100
tyranny,36333
tyrant,43959
ugly,11355
unable,3276
unacceptable,10538
unavailable,19216
unbearable,35256
unbelievable,14011
unbelievably,37064
uncertain,9684
unclear,4381
uncomfortable,9800
unconstitutional,14935
uncontrolled,38411
undecided,28598
undefined,45436
undercut,29380
underdog,23449
underestimate,28454
undermine,10115
undermined,21167
undermines,29428
undermining,19579
undesirable,39028
undocumented,13573
undone,33820
undue,22315
uneasy,29569
unemployed,17580
unequal,37563
unethical,32316
uneven,25169
unexpected,7152
unexpectedly,14957
unexplained,34184
unfairly,19106
unfamiliar,21942
unfavorable,31678
unfinished,28402
unfit,29181
unforeseen,33257
unfortunate,9327
unfortunately,9574
unfounded,27306
unhappy,13865
unhealthy,21250
unimaginable,32797
uninsured,24552
unjust,20134
unknown,4727
unlawful,12286
unlawfully,30372
unleash,26845
unlikely,3752
unlucky,27864
unnatural,40245
unnecessary,10495
unnoticed,26850
unorthodox,35956
unpleasant,26262
unpopular,16919
unpredictable,16110
unprepared,35578
unravel,21697
unrealistic,25477
unreasonable,24941
unreliable,31298
unresolved,29909
unrest,12254
unsafe,16031
unsettling,30203
unspecified,20022
unstable,21541
unsuccessful,15943
unsuccessfully,24085
unsupported,30604
unsure,17118
unsuspecting,32276
unsustainable,26079
unthinkable,29824
untouched,29929
untrue,27944
unusual,5425
unusually,16616
unwanted,15067
unwelcome,33552
unwilling,20656
unwillingness,36903
unworthy,44196
upheaval,29145
uprising,18837
uproar,27453
upset,4904
upsetting,24481
urgent,9047
useless,23584
utterly,19223
vague,17606
vain,25876
vanity,36827
vehement,45373
vehemently,26981
vengeance,35541
venom,32051
vent,13228
vex,37894
vibration,35911
vice,2626
vicious,16339
vile,32359
villains,31937
violate,14180
violation,4565
violent,4153
violently,26435
virus,6793
volatile,9234
volatility,4975
vomit,39791
vomiting,23600
vulgar,28792
vulnerable,4478
waning,28745
warned,2449
warning,2892
warp,43664
warped,42160
wary,13441
waste,3844
wasted,14260
wasteful,34460
wasting,21025
weak,3953
weaken,15310
weakening,16188
weaker,8074
weakness,8269
weaknesses,18659
weary,31554
wedge,27288
weed,16062
weep,42597
weird,7735
whine,45103
whining,42729
whore,45590
wicked,28418
wild,3418
wildly,17824
worn,10610
worried,3915
worries,7697
worrisome,29611
worry,4022
worrying,12648
worse,3007
worsen,25698
worsening,21319
worst,2373
worthless,34858
wound,7725
wounds,9308
wrath,30220
wreck,15107
wrest,22160
wrestle,27881
wretched,42824
wrinkles,36045
wrong,1593
wrongful,28008
wrongly,23276
wrought,37058
yawn,39654
zombie,28731
