abound,32937
abundance,18225
abundant,22349
accessible,6500
acclaim,28485
acclaimed,14954
accomplish,11829
accomplished,9370
accomplishment,20443
accomplishments,15052
accurate,6030
accurately,12775
achievable,32234
achievement,8312
achievements,9270
adaptive,28760
adequate,9077
adjustable,29861
admirable,33245
admiration,24287
admire,15865
adorable,15652
adore,37282
advanced,3319
advantage,2093
advantageous,37382
advantages,12340
adventurous,28339
advocate,7156
advocated,20300
advocates,7039
affection,15955
affinity,31232
affirm,31040
affirmation,35919
affirmative,33003
affluent,24204
afford,4960
affordable,4555
agile,28144
agility,28924
agreeable,43359
amazed,22431
amazing,2770
amazingly,34165
ambitious,8263
ample,14602
amuse,45141
amusing,31236
angel,20285
appeal,2868
appealing,9364
applaud,19477
appreciate,5478
appreciated,10874
appropriate,3901
approval,2846
approve,7244
ardent,34085
articulate,27872
aspiration,34102
aspirations,16275
aspire,30884
assurance,15492
assurances,19820
assure,14144
astonished,40788
astonishing,19720
astounding,29932
attentive,36670
attraction,13003
attractive,6043
audible,37621
authentic,12757
authoritative,34502
autonomous,9551
available,577
aver,25542
avid,20137
award,2354
awarded,4241
awards,4188
awe,21531
awesome,6344
backbone,24456
balanced,9320
bargain,14648
beautiful,2721
beautifully,16467
beauty,4002
believable,37023
beloved,8055
beneficial,10142
beneficiary,23350
benefit,1796
benefits,1795
benevolent,43186
best,275
better,357
bless,22212
blessing,14164
bliss,30299
blockbuster,16182
bloom,24255
bolster,12397
bonus,7944
bonuses,15648
boom,8600
booming,16709
boost,2501
brave,10025
bravery,24895
breakthrough,10118
breathtaking,24206
breeze,24572
bright,4520
brighter,19129
brightest,24188
brilliance,28505
brilliant,6967
brilliantly,25530
brisk,23667
bullish,12115
calm,6327
calming,31220
capability,9388
capable,4453
catchy,33200
celebrate,3379
celebrated,5417
celebration,4821
champ,18555
champion,2234
charisma,33429
charismatic,25961
charitable,13615
charm,16426
charming,18452
cheaper,7246
cheapest,21084
cheer,9450
cheerful,33928
cherish,28432
cherished,27252
chic,15391
clarity,10498
classic,4187
classy,30228
clean,2382
cleaner,16126
clear,699
cleared,6049
clearer,18618
clearly,2563
clears,30733
clever,13074
coherent,29977
cohesive,33033
colorful,14128
comfort,5863
comfortable,3473
comfortably,15995
comforting,29090
commend,19781
commitment,2720
compact,12549
compassion,14736
compassionate,23303
compatible,16632
competitive,2695
complement,14364
complementary,25402
compliant,22624
compliment,19389
complimentary,22310
comprehensive,5145
concise,6561
confidence,2123
confident,3230
congratulate,20784
congratulations,24285
conscientious,39643
consistent,4292
consistently,6566
constructive,17915
continuity,21420
contribution,5883
convenience,9742
convenient,12148
conveniently,31032
convincing,13618
cool,3035
coolest,30150
cooperative,18777
cornerstone,25995
correct,4577
correctly,12461
courage,9699
courageous,24219
covenant,35590
cozy,23889
creative,3904
credible,10280
crisp,17766
cure,13306
cute,11962
daring,21832
darling,30213
dawn,14131
dazzling,25435
decency,30338
decent,7297
decisive,12703
dedicated,3688
defeat,3002
defeated,5125
defeating,14114
defeats,16393
defender,5142
deft,31063
delicate,15651
delicious,10964
delight,13213
delighted,7808
delightful,24897
deserving,23146
desirable,21453
destiny,22660
devout,36906
dignity,12028
diligence,18447
diligent,33721
diligently,28554
diplomatic,5813
distinction,16192
distinctive,16141
distinguished,19098
divine,26280
dominate,11781
dominated,6235
dominates,28028
doubtless,44261
durable,18300
dynamic,6878
eager,7921
eagerly,23908
earnest,22623
ease,5136
eased,12428
easier,3013
easiest,18815
easing,8673
easy,1365
economical,33366
ecstasy,37695
ecstatic,30754
educated,13527
effective,2375
effectively,4296
effectiveness,12833
efficient,5693
efficiently,14146
effortlessly,30517
elegance,32595
elegant,14878
elevate,24014
elite,6281
eminent,33015
empathy,17805
empower,15519
empowerment,17843
enchant,41106
enchanted,44141
encourage,3803
encouragement,18197
encouraging,5513
endorse,18839
endorsed,11585
endorsement,13746
endorsing,30066
energetic,20425
engaging,7580
enhance,6292
enhanced,9094
enhancement,25387
enhances,27460
enjoy,2254
enjoyable,18260
enjoyed,3776
enjoying,6218
enjoyment,26611
enjoys,11952
enlightenment,42140
enough,615
enrich,22738
enrichment,27444
entertain,12043
entertaining,11110
enthusiasm,11240
enthusiast,27330
enthusiastic,15947
enthusiastically,33204
enticing,30841
envy,29778
equitable,27083
ethical,13557
evenly,21853
everlasting,44256
exalted,45514
exceed,11514
exceeded,13009
exceeding,17976
exceedingly,36167
exceeds,23984
excel,21317
excellence,12411
excellent,4206
exceptional,9297
exceptionally,20135
excited,2283
excitement,8354
exciting,3571
exemplary,29032
expansive,21734
exquisite,30041
extraordinarily,29106
extraordinary,7116
fabulous,17545
facilitate,9666
fair,2105
fairly,5342
fairness,16890
faith,3975
faithful,15828
faithfully,38666
fame,9444
famed,14661
famous,3395
famously,13455
fancy,13185
fans,841
fantastic,5500
fascinating,12509
fascination,31621
fashionable,27787
fast,1769
faster,3845
fastest,6273
fav,23651
favor,4402
favorable,9879
favored,15411
favorite,2674
favour,5976
fearless,29107
feasible,21798
feat,11930
fertile,31351
festive,12298
fidelity,41128
fiery,19068
fine,2051
finely,29535
finer,37075
finest,14535
flashy,31005
flattering,34203
flawless,25257
flexibility,8243
flexible,9538
flourish,22056
flourishing,34508
fluent,34574
fond,10882
foremost,16501
formidable,18213
fortunate,10583
fortunately,33034
fortune,13016
free,481
freed,14313
freedom,3519
freedoms,19513
fresh,2310
friendly,5192
fruitful,31770
fulfillment,27125
fun,1531
futuristic,26220
gain,2364
gained,3491
gaining,8079
gains,3077
gem,15538
gems,29066
generosity,19501
generous,9256
generously,31306
genius,16333
gentle,16634
genuine,8916
gifted,15956
glad,7785
gladly,36811
glamorous,18842
glitter,19053
glorious,19465
glory,12594
glow,20059
glowing,22285
gold,1637
golden,9030
good,205
goodness,21863
goodwill,20061
gorgeous,12058
grace,11564
graceful,38971
gracious,32120
grand,2821
grateful,6161
gratification,37561
gratitude,14022
great,372
greatest,3968
greatness,23657
grin,30986
groundbreaking,18910
guarantee,6210
guidance,3824
hail,18742
hallmark,31809
handsome,19222
handy,14732
happier,16265
happily,16534
happiness,11098
happy,1372
harmless,27243
harmony,20299
heal,14384
healthy,2245
heartfelt,21844
heaven,18478
heavenly,40974
helped,1147
helpful,7163
helping,1903
hero,6132
heroic,24666
heroine,34510
hilarious,14598
holy,15410
homage,20898
honest,5322
honesty,19439
honor,3712
honorable,28537
honored,7809
honoring,17198
hopeful,7917
hot,2131
hottest,14611
hug,16531
humane,26899
humble,14083
humility,27352
humor,12073
humorous,31214
humour,20377
ideal,5631
ideally,25969
idol,23390
illuminate,38194
illuminating,40203
illustrious,32005
imaginative,35026
immense,14151
impartial,24283
important,505
impress,13113
impressed,6889
impressive,3444
improve,1477
improved,2782
improvement,3855
improvements,5139
improves,15296
improving,3927
incredible,3997
incredibly,5784
indebted,23531
inexpensive,23107
influential,9283
ingenious,40579
ingenuity,37147
innocuous,38735
innovation,4695
innovative,5497
insightful,29804
inspiration,7125
inspirational,21504
inspire,9769
inspiring,11653
instantly,11764
instrumental,14123
integral,14876
integrated,6818
intelligence,2316
intelligent,12038
interesting,2679
interests,3168
intimacy,29598
intimate,11179
intricate,25210
intrigue,30368
intriguing,14816
intuitive,23837
invaluable,21991
inventive,34906
invincible,42327
irresistible,36210
joy,5823
joyful,32076
keen,5609
kindly,27882
kindness,15963
knowledgeable,26782
laud,31014
lavish,19813
lawful,23660
lawfully,39896
lead,483
leading,981
leads,3315
lean,11257
led,669
legendary,9227
leverage,6270
liberate,38032
liberation,22211
liberty,17574
lighter,13026
like,101
liked,6640
likes,3829
liking,25896
lively,20902
logical,16437
love,657
loved,2638
lovely,9869
lover,16095
loves,6138
loving,8520
loyal,8259
loyalty,10177
lucid,44876
luck,6620
lucky,5394
lucrative,11874
lush,25115
luxurious,20755
luxury,4808
magic,8375
magical,13867
magnificent,19243
majestic,33696
majesty,44446
manageable,25832
marvel,25591
marvelous,40609
master,4710
masterpiece,27107
masters,22337
mastery,37137
mature,11374
maturity,14207
meaningful,6667
memorable,10132
mercy,20222
merit,13032
merry,35814
meticulous,34006
meticulously,34586
mighty,23514
miracle,16829
miracles,36893
miraculous,35821
modern,2297
modest,6473
modesty,39706
monumental,25437
morality,28241
motivated,7958
neat,19427
neatly,29596
nice,2579
nicely,15481
nicer,35735
nifty,37161
noble,25097
notably,10030
noteworthy,24946
novelty,29750
nurturing,30560
obsession,20146
openly,9142
openness,23163
optimal,19329
optimism,9743
optimistic,7168
orderly,27193
outstanding,3973
overtake,29163
paradise,26215
paramount,24342
pardon,19074
passion,5440
passionate,8840
passionately,32547
patience,11383
patient,3186
patiently,30727
patriot,36409
patriotic,22908
peace,1987
peaceful,7053
peacefully,17061
peach,34022
perfect,1969
perfection,19858
perfectly,6683
permissible,37585
personalized,17159
phenomenal,16599
piety,46459
pinnacle,34150
playful,23317
pleasant,16219
pleasantly,35554
pleased,4343
pleasing,25234
pleasure,10483
plentiful,32199
plush,33677
poetic,33709
poignant,27274
poised,10137
polished,23520
polite,24908
popular,1406
portable,15295
positive,1313
positively,13541
positives,22298
powerful,2247
powerfully,38880
praise,8249
praising,21293
precious,9761
precise,12548
precisely,12810
prefer,6573
preferable,37272
preferably,35500
preferring,32182
prefers,20618
premier,7355
prestige,28602
prestigious,10857
pretty,1256
priceless,33292
pride,7040
principled,37854
privilege,9951
privileged,18560
prize,4588
proactive,16300
productive,8737
proficient,36216
profound,13960
profoundly,27301
progress,2017
progressive,8212
prolific,17038
prominence,23017
prominent,5395
promise,4198
promised,3604
promises,5343
promising,6177
promoter,23408
prompt,14302
promptly,16878
proper,4692
properly,5083
pros,15501
prosper,30435
prosperity,12536
prosperous,23275
protect,1744
protection,2591
protective,11775
proud,2602
proven,5401
proves,14476
proving,11891
prowess,23218
prudent,22652
pure,8309
quaint,36579
qualified,6048
qualify,6954
quicker,13927
quiet,5128
quieter,32170
radiant,35787
rapid,6379
rapport,27839
rapt,34524
rational,15699
readable,44680
readily,16650
ready,1227
realistic,10556
reasonable,5701
reasonably,15646
reasoned,37344
reassure,20759
receptive,33052
reclaim,20507
recommend,5940
recommendation,6492
recommendations,4664
recommended,5131
reconcile,27389
reconciliation,13229
recover,5312
recovery,2752
redeem,24670
redemption,21772
refine,30924
refined,15616
refinement,41722
reform,3114
reformed,34917
reforming,31447
reforms,4907
refresh,14240
refreshed,31608
refreshing,17846
refund,12173
regard,6203
rejoice,38818
relaxed,11956
relent,40339
reliable,7058
reliably,29536
relief,3500
remarkable,7063
remarkably,20635
remedy,20687
remission,37026
renaissance,33095
renewed,7867
renown,45098
renowned,12086
reputable,31367
reputation,5070
resilient,15194
respect,2098
respectable,25031
respectful,18025
respectfully,32928
responsibly,28118
responsive,20666
restored,9530
restructuring,8183
revel,20853
revelation,15461
reverence,40578
revival,14471
revive,13096
revolutionary,16097
reward,7970
rewarding,16044
rich,4066
richer,24230
richness,38857
right,235
righteous,37909
righteousness,43626
rightful,32374
rightfully,32299
rightly,19765
robust,6295
romantic,8728
safe,1522
safely,7385
saint,31887
salute,23824
sane,37091
satisfactory,28173
satisfied,10028
satisfies,43578
satisfy,15332
satisfying,17758
savings,4522
savior,40611
savvy,22102
scenic,25015
seamless,19745
seasoned,19066
secure,2823
securely,31328
selective,21921
sensation,15583
sensational,16851
sensations,40680
sensible,19653
sensitive,5685
sexy,13350
sharp,4406
sharper,29564
shine,12224
shiny,21199
significant,1233
silent,8454
simpler,20584
simplest,31625
simplified,30082
simplify,24778
sincere,19255
sincerely,24740
sincerity,35182
skill,6707
skilled,11086
sleek,19474
slick,19038
smart,2793
smarter,18369
smartest,35895
smile,6675
smiles,14504
smiling,12382
smooth,6921
smoother,31675
smoothly,17359
soft,3793
softer,21052
solid,2705
solidarity,11479
sophisticated,10364
spacious,23975
sparkling,21121
spectacular,8694
speedy,18096
spirited,27206
spiritual,10663
splendid,35803
spontaneous,29515
stability,5443
stabilize,21020
stable,4375
stainless,23486
standout,14177
staunch,22435
steadfast,25781
steady,5204
stellar,13641
stimulate,19770
stimulates,42481
stimulating,32067
straightforward,15196
streamlined,28455
striking,5690
strikingly,39349
striving,25514
strong,670
stronger,3651
strongest,8260
stunned,12144
stunning,5835
sturdy,28685
stylish,14160
sublime,32477
subsidized,28397
substantive,24821
succeed,6726
succeeded,13227
succeeding,27544
succeeds,28121
success,1282
successes,15185
successful,1800
successfully,5116
suffice,37850
sufficient,7719
sufficiently,21547
suitable,10686
super,2422
superb,11415
superior,10295
superiority,32951
support,323
supported,2800
supporter,9906
supporting,3117
supportive,8440
supports,4548
supremacy,21030
supreme,15835
surpass,14874
surreal,19907
survival,7967
survivor,14466
sustainability,11128
sustainable,5068
sweeping,9893
sweet,4045
sweetness,35362
swift,14975
talent,2959
talented,5918
talents,11268
tempt,34919
tempting,25057
tender,8780
terrific,14353
thank,3392
thankful,12025
thinner,29284
thoughtful,16801
thrill,20522
thrilled,8689
thrilling,16208
thrive,12692
thriving,16228
tidy,32296
timely,10358
top,299
tops,13657
tough,1828
tougher,9319
toughest,14728
traction,14443
tranquil,33535
transparent,8818
treasure,17888
tremendously,26409
trendy,24037
triumph,10121
triumphant,32025
trophy,8071
trump,20125
trumpet,32909
trust,2416
trusted,10128
trusting,28969
trustworthy,32101
truthful,32655
unaffected,32512
unbiased,37309
unconditional,31317
understandable,19717
unequivocally,33805
unforgettable,26865
unity,8618
unlimited,12950
unmatched,32589
unparalleled,27571
unreal,29692
unrestricted,28225
upbeat,14899
upgraded,7084
upheld,14817
uphold,16060
upscale,22563
usable,33927
useful,5616
valiant,38958
valuable,5130
variety,3143
versatile,16106
versatility,23193
vibrant,11577
victorious,22518
victory,1124
vigilance,35116
vigilant,17258
virtue,21484
virtuous,41890
visionary,27658
vivid,24106
warm,3279
warmer,13933
warmth,20310
wealthy,8581
welcome,2814
well,157
wellbeing,19715
willing,2882
willingly,32829
willingness,10640
win,339
winner,1924
winners,4251
winning,1298
wins,2693
wisdom,12320
wise,11036
wisely,27466
witty,33228
won,351
wonder,5170
wonderful,4613
wonderfully,30980
wonders,17694
woo,24815
work,173
worked,1006
works,1364
worth,966
worthwhile,22057
worthy,11314
wow,26388
youthful,22758
zeal,33103
